zhangwei,2c5a19af62294b2a8f3f37bbda00830d,CD182BB0-9BA7-42A1-BD80-739496B94B29
linan,fbccdb907af244ee90ed93cd8a5dbfd6,CA03CFC7-9B15-493C-9C8F-DCB4757A7A83
wangjie,89e16d0917ea4e5ca7ea175c295ff2cf,597AE4DF-524C-4D06-8BFE-31A8A0512AAA
liuxin,a46e01a2b85a4dcbabf90902b61b5a45,B7391EFC-5E8E-4816-BE1D-55A2D9FEF706
chenming,7d1e5c4b03434173b97f2c23a9862735,266375EE-B49A-4E7A-BE10-08A8481D1B2E
yanglei,d74a3d4cd14645bbae053ef19618423a,67921055-1BC0-4F18-B682-E851D93EB400
zhaoyan,a3a92427232b4ce3aa346082064bc502,A7C231E4-46E9-4FFD-9C9B-A398CC3CCCD7
huangjing,59718d45abad4d7eabbd34e097c64f2b,66464DD3-B45C-4311-95CD-1A512D3CC5A5
wupeng,fe3a357707ab4ef5beaa5010ff5aaca1,ECDDBC25-2BAB-4BE3-906A-D792FB880A45
xuling,02e08ee5dff247d89c011ef7e61cc748,184FFF2C-1037-4FE8-8E14-0AFCFE28D548
sunhao,22c8e307bf534247ab0a0e6547cfa7fa,8615B535-E74D-4861-B84C-1FE13DB98BDE
zhoumei,42a9da4e7d454c8e91a42e338152a206,15BD1C14-66A9-4021-9103-153F5D70CBBD
zhulin,661609d7d1e9410d985f4dc415fb6d86,ED7C0FAC-7F9B-4CD9-B097-B837E81148AF
heyu,fca056ab380b48f1a1a94f1ca7872e65,3BFD75F8-5C68-4DC8-9917-4BEEA780DEC1
gaofang,8b5db79141664ce9a244c6c3e58ac76b,08375D35-C03E-4E91-9039-B10B2268E730
luowei,2d23b4be8c1f476ab048510a96d6de94,CABBCF0A-E393-47DF-9DE1-75B7B10A44A9
fengyan,1450dd7d1714485ba366cd1635112f94,D27EDA3F-1A9A-4A1A-A28A-2E5186285E6E
denghui,ce7ac1f18bc0487785f5bee91b1b9c41,D9DE6857-FBE6-436C-85CB-FB5893DF1C43
yuqi,412018ae1a994e8aa92a31fdacccbbcf,803820E1-1155-4B5F-83F5-4CDDF6409072
tangjun,581138b666234ecfbc3e22375c7c6d3c,78A6E044-A629-4AD4-8BD4-5BD33C06A7DA
